<?xml version="1.0" encoding="UTF-8"?>
<vivadoHLSLog:LogRoot xmlns:vivadoHLSLog="www.xilinx.com/vivadoHLSLog">
  <errorLogs>
    <logs>
      <csimLog>
        <logs message="ERROR: [SIM 211-100] CSim failed with errors." projectName="Project" solutionName="solution1" date="2023-04-19T21:40:16.032+0800"/>
      </csimLog>
    </logs>
  </errorLogs>
  <warningLogs>
    <logs>
      <csimLog>
        <logs message="WARNING: [HLS 200-40] Environment variable 'CPLUS_INCLUDE_PATH' is set to /usr/local/cuda/include.&#xA;Sourcing Tcl script '/home/ytq/codeField/undergraduate/HLS-CNN-sourcecode/HLS-CNN/Code/Vitis-HLS/Project/solution1/csim.tcl'" projectName="Project" solutionName="solution1" date="2023-04-19T21:41:08.015+0800" type="Warning"/>
        <logs message="WARNING: [HLS 200-40] Environment variable 'CPLUS_INCLUDE_PATH' is set to /usr/local/cuda/include.&#xA;Sourcing Tcl script '/home/ytq/codeField/undergraduate/HLS-CNN-sourcecode/HLS-CNN/Code/Vitis-HLS/Project/solution1/csim.tcl'" projectName="Project" solutionName="solution1" date="2023-04-19T21:40:41.539+0800" type="Warning"/>
        <logs message="WARNING: [HLS 200-40] Environment variable 'CPLUS_INCLUDE_PATH' is set to /usr/local/cuda/include.&#xA;Sourcing Tcl script '/home/ytq/codeField/undergraduate/HLS-CNN-sourcecode/HLS-CNN/Code/Vitis-HLS/Project/solution1/csim.tcl'" projectName="Project" solutionName="solution1" date="2023-04-19T21:40:04.615+0800" type="Warning"/>
        <logs message="WARNING: [HLS 200-40] Environment variable 'CPLUS_INCLUDE_PATH' is set to /usr/local/cuda/include.&#xA;Sourcing Tcl script '/home/ytq/codeField/undergraduate/HLS-CNN-sourcecode/HLS-CNN/Code/Vitis-HLS/Project/solution1/csim.tcl'" projectName="Project" solutionName="solution1" date="2023-04-19T21:39:37.897+0800" type="Warning"/>
      </csimLog>
    </logs>
  </warningLogs>
</vivadoHLSLog:LogRoot>
